{
	"credit": "Made with Blockbench",
	"textures": {
		"1": "items/bomb",
		"particle": "items/lever"
	},
	"elements": [
		{
			"from": [4, 0, 3],
			"to": [12, 3, 13],
			"faces": {
				"north": {"uv": [5.5, 4.92308, 1.80769, 3.28205], "texture": "#1"},
				"east": {"uv": [11.33333, 10.58974, 6.16662, 12.30769], "texture": "#1"},
				"south": {"uv": [5.58974, 11.82051, 1.89744, 10.26923], "texture": "#1"},
				"west": {"uv": [11.33333, 10.58974, 6.15385, 12.32051], "texture": "#1"},
				"up": {"uv": [1.64103, 4.92308, 5.74359, 10.25641], "texture": "#1"},
				"down": {"uv": [7.23077, 4.84615, 11.33333, 10.26923], "texture": "#1"}
			}
		},
		{
			"from": [5, 3, 4],
			"to": [11, 4, 11],
			"faces": {
				"north": {"uv": [12.30769, 8.61538, 12.48718, 8.79487], "texture": "#1"},
				"east": {"uv": [12.30769, 8.61538, 12.48718, 8.79487], "texture": "#1"},
				"south": {"uv": [12.30769, 8.61538, 12.48718, 8.79487], "texture": "#1"},
				"west": {"uv": [12.30769, 8.61538, 12.48718, 8.79487], "texture": "#1"},
				"up": {"uv": [12.30769, 4.92308, 15.17949, 8.79487], "texture": "#1"},
				"down": {"uv": [12.30769, 8.61538, 12.48718, 8.79487], "texture": "#1"}
			}
		},
		{
			"from": [8, 1, 13],
			"to": [9, 2, 14],
			"faces": {
				"north": {"uv": [8.61538, 3.28205, 9.61538, 4.28205], "texture": "#1"},
				"east": {"uv": [8.61538, 3.28205, 9.61538, 4.28205], "texture": "#1"},
				"south": {"uv": [8.61538, 3.28205, 9.61538, 4.28205], "texture": "#1"},
				"west": {"uv": [8.61538, 3.28205, 9.61538, 4.28205], "texture": "#1"},
				"up": {"uv": [8.61538, 3.28205, 9.61538, 4.28205], "texture": "#1"},
				"down": {"uv": [8.61538, 3.28205, 9.61538, 4.28205], "texture": "#1"}
			}
		},
		{
			"from": [8, 1, 2],
			"to": [9, 2, 3],
			"faces": {
				"north": {"uv": [10.66667, 3.28205, 11.66667, 4.28205], "texture": "#1"},
				"east": {"uv": [10.66667, 3.28205, 11.66667, 4.28205], "texture": "#1"},
				"south": {"uv": [10.66667, 3.28205, 11.66667, 4.28205], "texture": "#1"},
				"west": {"uv": [10.66667, 3.28205, 11.66667, 4.28205], "texture": "#1"},
				"up": {"uv": [10.66667, 3.28205, 11.66667, 4.28205], "texture": "#1"},
				"down": {"uv": [10.66667, 3.28205, 11.66667, 4.28205], "texture": "#1"}
			}
		},
		{
			"from": [8, 2, 1],
			"to": [9, 3, 2],
			"faces": {
				"north": {"uv": [10.66667, 3.28205, 11.66667, 4.28205], "texture": "#1"},
				"east": {"uv": [10.66667, 3.28205, 11.66667, 4.28205], "texture": "#1"},
				"south": {"uv": [10.66667, 3.28205, 11.66667, 4.28205], "texture": "#1"},
				"west": {"uv": [10.66667, 3.28205, 11.66667, 4.28205], "texture": "#1"},
				"up": {"uv": [10.66667, 3.28205, 11.66667, 4.28205], "texture": "#1"},
				"down": {"uv": [10.66667, 3.28205, 11.66667, 4.28205], "texture": "#1"}
			}
		},
		{
			"from": [8, 3, 3],
			"to": [9, 4, 4],
			"faces": {
				"north": {"uv": [10.66667, 3.28205, 11.66667, 4.28205], "texture": "#1"},
				"east": {"uv": [10.66667, 3.28205, 11.66667, 4.28205], "texture": "#1"},
				"south": {"uv": [10.66667, 3.28205, 11.66667, 4.28205], "texture": "#1"},
				"west": {"uv": [10.66667, 3.28205, 11.66667, 4.28205], "texture": "#1"},
				"up": {"uv": [10.66667, 3.28205, 11.66667, 4.28205], "texture": "#1"},
				"down": {"uv": [10.66667, 3.28205, 11.66667, 4.28205], "texture": "#1"}
			}
		},
		{
			"from": [8, 3, 2],
			"to": [9, 4, 3],
			"faces": {
				"north": {"uv": [10.66667, 3.28205, 11.66667, 4.28205], "texture": "#1"},
				"east": {"uv": [10.66667, 3.28205, 11.66667, 4.28205], "texture": "#1"},
				"south": {"uv": [10.66667, 3.28205, 11.66667, 4.28205], "texture": "#1"},
				"west": {"uv": [10.66667, 3.28205, 11.66667, 4.28205], "texture": "#1"},
				"up": {"uv": [10.66667, 3.28205, 11.66667, 4.28205], "texture": "#1"},
				"down": {"uv": [10.66667, 3.28205, 11.66667, 4.28205], "texture": "#1"}
			}
		},
		{
			"from": [9, 1, 14],
			"to": [10, 2, 15],
			"faces": {
				"north": {"uv": [8.61538, 3.28205, 9.61538, 4.28205], "texture": "#1"},
				"east": {"uv": [8.61538, 3.28205, 9.61538, 4.28205], "texture": "#1"},
				"south": {"uv": [8.61538, 3.28205, 9.61538, 4.28205], "texture": "#1"},
				"west": {"uv": [8.61538, 3.28205, 9.61538, 4.28205], "texture": "#1"},
				"up": {"uv": [8.61538, 3.28205, 9.61538, 4.28205], "texture": "#1"},
				"down": {"uv": [8.61538, 3.28205, 9.61538, 4.28205], "texture": "#1"}
			}
		},
		{
			"from": [10, 1, 13],
			"to": [11, 2, 14],
			"faces": {
				"north": {"uv": [8.61538, 3.28205, 9.61538, 4.28205], "texture": "#1"},
				"east": {"uv": [8.61538, 3.28205, 9.61538, 4.28205], "texture": "#1"},
				"south": {"uv": [8.61538, 3.28205, 9.61538, 4.28205], "texture": "#1"},
				"west": {"uv": [8.61538, 3.28205, 9.61538, 4.28205], "texture": "#1"},
				"up": {"uv": [8.61538, 3.28205, 9.61538, 4.28205], "texture": "#1"},
				"down": {"uv": [8.61538, 3.28205, 9.61538, 4.28205], "texture": "#1"}
			}
		}
	],
	"display": {
		"thirdperson_righthand": {
			"rotation": [78, 0, 0],
			"translation": [0, 3.25, 3.75],
			"scale": [0.7, 0.7, 0.7]
		},
		"thirdperson_lefthand": {
			"rotation": [78, 0, 0],
			"translation": [0, 3.25, 3.75],
			"scale": [0.7, 0.7, 0.7]
		},
		"firstperson_righthand": {
			"rotation": [31, 0, 0],
			"translation": [-9, 3.5, 0]
		},
		"firstperson_lefthand": {
			"rotation": [31, 0, 0],
			"translation": [-9, 3.5, 0]
		},
		"ground": {
			"translation": [0, 3.75, 0]
		},
		"gui": {
			"rotation": [-90, -180, -180]
		},
		"head": {
			"translation": [0, 13.75, -0.75]
		},
		"fixed": {
			"rotation": [-90, 0, 0],
			"translation": [0, 0, -11],
			"scale": [1.5, 1.5, 1.5]
		}
	}
}