{
	"credit": "Made with Blockbench",
	"textures": {
		"0": "items/mdl-tex/knife",
		"particle": "items/mdl-tex/knife"
	},
	"elements": [
		{
			"from": [7.5, 4, -8],
			"to": [8.5, 6, 3],
			"faces": {
				"north": {"uv": [6.6, 7.2, 7.6, 7.4], "texture": "#0"},
				"east": {"uv": [6.6, 7.2, 7.6, 7.4], "texture": "#0"},
				"south": {"uv": [6.6, 7.2, 7.6, 7.4], "texture": "#0"},
				"west": {"uv": [6.6, 7.2, 7.6, 7.4], "texture": "#0"},
				"up": {"uv": [6.6, 7.2, 7.6, 7.4], "texture": "#0"},
				"down": {"uv": [6.6, 7.2, 7.6, 7.4], "texture": "#0"}
			}
		},
		{
			"from": [7, 4, 3],
			"to": [9, 6, 16],
			"faces": {
				"north": {"uv": [11, 7, 12.6, 8.4], "texture": "#0"},
				"east": {"uv": [11, 7, 12.6, 8.4], "texture": "#0"},
				"south": {"uv": [11, 7, 12.6, 8.4], "texture": "#0"},
				"west": {"uv": [11, 7, 12.6, 8.4], "texture": "#0"},
				"up": {"uv": [11, 7, 12.6, 8.4], "texture": "#0"},
				"down": {"uv": [11, 7, 12.6, 8.4], "texture": "#0"}
			}
		},
		{
			"from": [7, 0, 3],
			"to": [9, 4, 4],
			"faces": {
				"north": {"uv": [13.8, 7.8, 12.2, 7.6], "texture": "#0"},
				"east": {"uv": [13.8, 7.8, 12.2, 7.6], "texture": "#0"},
				"south": {"uv": [13.8, 7.8, 12.2, 7.6], "texture": "#0"},
				"west": {"uv": [13.8, 7.8, 12.2, 7.6], "texture": "#0"},
				"up": {"uv": [13.8, 7.8, 12.2, 7.6], "texture": "#0"},
				"down": {"uv": [13.8, 7.8, 12.2, 7.6], "texture": "#0"}
			}
		},
		{
			"from": [7, 6, 3],
			"to": [9, 10, 4],
			"faces": {
				"north": {"uv": [13.8, 7.8, 12.2, 7.6], "texture": "#0"},
				"east": {"uv": [13.8, 7.8, 12.2, 7.6], "texture": "#0"},
				"south": {"uv": [13.8, 7.8, 12.2, 7.6], "texture": "#0"},
				"west": {"uv": [13.8, 7.8, 12.2, 7.6], "texture": "#0"},
				"up": {"uv": [13.8, 7.8, 12.2, 7.6], "texture": "#0"},
				"down": {"uv": [13.8, 7.8, 12.2, 7.6], "texture": "#0"}
			}
		},
		{
			"from": [7, 2, 4],
			"to": [9, 4, 5],
			"faces": {
				"north": {"uv": [10.4, 7.2, 12.2, 8], "texture": "#0"},
				"east": {"uv": [10.4, 7.2, 12.2, 8], "texture": "#0"},
				"south": {"uv": [10.4, 7.2, 12.2, 8], "texture": "#0"},
				"west": {"uv": [10.4, 7.2, 12.2, 8], "texture": "#0"},
				"up": {"uv": [10.4, 7.2, 12.2, 8], "texture": "#0"},
				"down": {"uv": [10.4, 7.2, 12.2, 8], "texture": "#0"}
			}
		},
		{
			"from": [7, 6, 4],
			"to": [9, 8, 5],
			"faces": {
				"north": {"uv": [10.4, 7.2, 12.2, 8], "texture": "#0"},
				"east": {"uv": [10.4, 7.2, 12.2, 8], "texture": "#0"},
				"south": {"uv": [10.4, 7.2, 12.2, 8], "texture": "#0"},
				"west": {"uv": [10.4, 7.2, 12.2, 8], "texture": "#0"},
				"up": {"uv": [10.4, 7.2, 12.2, 8], "texture": "#0"},
				"down": {"uv": [10.4, 7.2, 12.2, 8], "texture": "#0"}
			}
		}
	],
	"display": {
		"thirdperson_righthand": {
			"translation": [0, 6.5, 0],
			"scale": [0.5, 0.5, 0.5]
		},
		"firstperson_righthand": {
			"rotation": [4, 90, 0],
			"translation": [-0.5, 1.75, -3.75],
			"scale": [0.8, 0.8, 0.8]
		},
		"ground": {
			"rotation": [0, 0, -90],
			"translation": [3.25, -3.25, 6.25]
		},
		"gui": {
			"rotation": [0, 90, 0]
		},
		"head": {
			"scale": [0, 0, 0]
		},
		"fixed": {
			"rotation": [0, 0, -1]
		}
	}
}