{
	"credit": "Made with Blockbench",
	"textures": {
		"1": "items/skins/m4a4 skins/bb",
		"particle": "items/skins/m4a4 skins/default"
	},
	"elements": [
		{
			"from": [0, 4, 30],
			"to": [1, 12, 32],
			"faces": {
				"north": {"uv": [2.66667, 6, 3, 6.33333], "texture": "#1"},
				"east": {"uv": [16, 6.66667, 15.33333, 9.33333], "texture": "#1"},
				"south": {"uv": [2.66667, 6, 3, 6.33333], "texture": "#1"},
				"west": {"uv": [15.33333, 6.66667, 16, 9.33333], "texture": "#1"},
				"up": {"uv": [2.66667, 6, 3, 6.33333], "texture": "#1"},
				"down": {"uv": [2.66667, 6, 3, 6.33333], "texture": "#1"}
			}
		},
		{
			"from": [0, 5, 27],
			"to": [1, 12, 30],
			"faces": {
				"north": {"uv": [2.66667, 5.66667, 3, 6], "texture": "#1"},
				"east": {"uv": [15.33333, 6.66667, 14.66667, 9], "texture": "#1"},
				"south": {"uv": [0, 0, 1, 7], "texture": "#missing"},
				"west": {"uv": [14.66667, 6.66667, 15.33333, 9], "texture": "#1"},
				"up": {"uv": [2.66667, 5.66667, 3, 6], "texture": "#1"},
				"down": {"uv": [2.66667, 5.66667, 3, 6], "texture": "#1"}
			}
		},
		{
			"from": [0, 6, 24],
			"to": [1, 12, 27],
			"faces": {
				"north": {"uv": [13.33333, 6.33333, 14.33333, 8], "texture": "#1"},
				"east": {"uv": [13.33333, 6.66667, 14.33333, 8.66667], "texture": "#1"},
				"south": {"uv": [13.33333, 7, 14.33333, 8], "texture": "#1"},
				"west": {"uv": [13.33333, 6.66667, 14.33333, 8.66667], "texture": "#1"},
				"up": {"uv": [13.33333, 6.66667, 14.33333, 7], "texture": "#1"},
				"down": {"uv": [13.33333, 6.66667, 14.66667, 7], "texture": "#1"}
			}
		},
		{
			"from": [0, 7, 21],
			"to": [1, 12, 24],
			"faces": {
				"north": {"uv": [2.66667, 5.66667, 3, 6], "rotation": 270, "texture": "#1"},
				"east": {"uv": [13.33333, 6.66667, 12.33333, 8.33333], "texture": "#1"},
				"south": {"uv": [0, 0, 1, 5], "texture": "#missing"},
				"west": {"uv": [12.33333, 6.66667, 13.33333, 8.33333], "texture": "#1"},
				"up": {"uv": [2.66667, 5.66667, 3, 6], "texture": "#1"},
				"down": {"uv": [2.66667, 5.66667, 3, 6], "texture": "#1"}
			}
		},
		{
			"from": [0, 8, 19],
			"to": [1, 12, 21],
			"faces": {
				"north": {"uv": [3, 6, 3, 6], "texture": "#1"},
				"east": {"uv": [12.33333, 6.66667, 11.66667, 8], "texture": "#1"},
				"south": {"uv": [3, 6, 3, 6], "texture": "#1"},
				"west": {"uv": [11.66667, 6.66667, 12.33333, 8], "texture": "#1"},
				"up": {"uv": [3, 6, 3, 6], "texture": "#1"},
				"down": {"uv": [3, 6, 3, 6], "texture": "#1"}
			}
		},
		{
			"from": [0, 7, 18],
			"to": [1, 13, 19],
			"faces": {
				"north": {"uv": [0.33333, 6.66667, 2, 7], "texture": "#1"},
				"east": {"uv": [0.33333, 6.66667, 2, 7], "texture": "#1"},
				"south": {"uv": [0.33333, 6.66667, 2, 7], "texture": "#1"},
				"west": {"uv": [0.33333, 6.66667, 2, 7], "texture": "#1"},
				"up": {"uv": [0.33333, 6.66667, 2, 7], "texture": "#1"},
				"down": {"uv": [0.33333, 6.66667, 2, 7], "texture": "#1"}
			}
		},
		{
			"from": [0, 12, 7],
			"to": [1, 13, 18],
			"faces": {
				"north": {"uv": [7.66667, 6.66667, 7.66667, 6.66667], "texture": "#missing"},
				"east": {"uv": [7.66667, 6.66667, 7.66667, 6.66667], "texture": "#1"},
				"south": {"uv": [7.66667, 6.66667, 7.66667, 6.66667], "texture": "#missing"},
				"west": {"uv": [7.66667, 6.66667, 7.66667, 6.66667], "texture": "#1"},
				"up": {"uv": [7.66667, 6.66667, 7.66667, 6.66667], "texture": "#1"},
				"down": {"uv": [7.66667, 6.66667, 7.66667, 6.66667], "texture": "#missing"}
			}
		},
		{
			"from": [0, 14, 9],
			"to": [1, 15, 17],
			"faces": {
				"north": {"uv": [8.33333, 5.66667, 9.33333, 6], "texture": "#1"},
				"east": {"uv": [8.33333, 5.66667, 9.33333, 6], "texture": "#1"},
				"south": {"uv": [8.33333, 5.66667, 9.33333, 6], "texture": "#1"},
				"west": {"uv": [8.33333, 5.66667, 9.33333, 6], "texture": "#1"},
				"up": {"uv": [8.33333, 5.66667, 9.33333, 6], "texture": "#1"},
				"down": {"uv": [8.33333, 5.66667, 9.33333, 6], "texture": "#1"}
			}
		},
		{
			"from": [0, 13, 16],
			"to": [1, 14, 17],
			"faces": {
				"north": {"uv": [3, 6, 3, 6], "texture": "#1"},
				"east": {"uv": [3, 6, 3, 6], "texture": "#1"},
				"south": {"uv": [3, 6, 3, 6], "texture": "#1"},
				"west": {"uv": [3, 6, 3, 6], "texture": "#1"},
				"up": {"uv": [3, 6, 3, 6], "texture": "#1"},
				"down": {"uv": [3, 6, 3, 6], "texture": "#1"}
			}
		},
		{
			"from": [0, 13, 9],
			"to": [1, 14, 10],
			"faces": {
				"north": {"uv": [3, 6, 3, 6], "texture": "#1"},
				"east": {"uv": [3, 6, 3, 6], "texture": "#1"},
				"south": {"uv": [3, 6, 3, 6], "texture": "#1"},
				"west": {"uv": [3, 6, 3, 6], "texture": "#1"},
				"up": {"uv": [3, 6, 3, 6], "texture": "#1"},
				"down": {"uv": [3, 6, 3, 6], "texture": "#1"}
			}
		},
		{
			"from": [0, 13, 9],
			"to": [1, 14, 10],
			"faces": {
				"north": {"uv": [3, 6, 3, 6], "texture": "#missing"},
				"east": {"uv": [3, 6, 3, 6], "texture": "#missing"},
				"south": {"uv": [3, 6, 3, 6], "texture": "#missing"},
				"west": {"uv": [3, 6, 3, 6], "texture": "#1"},
				"up": {"uv": [3, 6, 3, 6], "texture": "#missing"},
				"down": {"uv": [3, 6, 3, 6], "texture": "#missing"}
			}
		},
		{
			"from": [0, 13, -7],
			"to": [1, 14, -6],
			"faces": {
				"north": {"uv": [3, 6, 3, 6], "texture": "#1"},
				"east": {"uv": [3, 6, 3, 6], "texture": "#1"},
				"south": {"uv": [3, 6, 3, 6], "texture": "#1"},
				"west": {"uv": [3, 6, 3, 6], "texture": "#1"},
				"up": {"uv": [3, 6, 3, 6], "texture": "#1"},
				"down": {"uv": [3, 6, 3, 6], "texture": "#1"}
			}
		},
		{
			"from": [0, 14, -9],
			"to": [1, 15, -7],
			"faces": {
				"north": {"uv": [3, 6, 3, 6], "texture": "#1"},
				"east": {"uv": [3, 6, 3, 6], "texture": "#1"},
				"south": {"uv": [3, 6, 3, 6], "texture": "#1"},
				"west": {"uv": [3, 6, 3, 6], "texture": "#1"},
				"up": {"uv": [3, 6, 3, 6], "texture": "#1"},
				"down": {"uv": [3, 6, 3, 6], "texture": "#1"}
			}
		},
		{
			"from": [0, 12, -9],
			"to": [1, 14, -8],
			"faces": {
				"north": {"uv": [3, 6, 3, 6], "texture": "#1"},
				"east": {"uv": [3, 6, 3, 6], "texture": "#1"},
				"south": {"uv": [3, 6, 3, 6], "texture": "#1"},
				"west": {"uv": [3, 6, 3, 6], "texture": "#1"},
				"up": {"uv": [3, 6, 3, 6], "texture": "#1"},
				"down": {"uv": [3, 6, 3, 6], "texture": "#1"}
			}
		},
		{
			"from": [0, 8, 7],
			"to": [1, 12, 18],
			"faces": {
				"north": {"uv": [0.33333, 6.66667, 2, 7], "texture": "#1"},
				"east": {"uv": [11.33333, 6.66667, 7.66667, 8], "texture": "#1"},
				"south": {"uv": [0.33333, 6.66667, 2, 7], "texture": "#1"},
				"west": {"uv": [7.66667, 6.66667, 11.33333, 8], "texture": "#1"},
				"up": {"uv": [9.33333, 7, 10.33333, 7.66667], "texture": "#1"},
				"down": {"uv": [0.33333, 6.66667, 2, 7], "texture": "#1"}
			}
		},
		{
			"from": [0, 9, -6],
			"to": [1, 13, 7],
			"faces": {
				"north": {"uv": [7.66667, 6.66667, 7.66667, 6.66667], "texture": "#1"},
				"east": {"uv": [7.66667, 6.33333, 3.66667, 7.66667], "texture": "#1"},
				"south": {"uv": [7.66667, 6.66667, 7.66667, 6.66667], "texture": "#1"},
				"west": {"uv": [4, 6.33333, 7.66667, 7.66667], "texture": "#1"},
				"up": {"uv": [7.66667, 6.66667, 7.66667, 6.66667], "texture": "#1"},
				"down": {"uv": [7.66667, 6.66667, 7.66667, 6.66667], "texture": "#1"}
			}
		},
		{
			"from": [0, 8, 0],
			"to": [1, 9, 7],
			"faces": {
				"north": {"uv": [8.33333, 5.66667, 9.33333, 6], "texture": "#1"},
				"east": {"uv": [8.33333, 5.66667, 9.33333, 6], "texture": "#1"},
				"south": {"uv": [8.33333, 5.66667, 9.33333, 6], "texture": "#missing"},
				"west": {"uv": [8.33333, 5.66667, 9.33333, 6], "texture": "#1"},
				"up": {"uv": [8.33333, 5.66667, 9.33333, 6], "texture": "#1"},
				"down": {"uv": [8.33333, 5.66667, 9.33333, 6], "texture": "#1"}
			}
		},
		{
			"from": [0, 4, 15],
			"to": [1, 8, 18],
			"faces": {
				"north": {"uv": [8.33333, 5.66667, 9.33333, 6], "texture": "#1"},
				"east": {"uv": [10.33333, 8, 11.33333, 9.33333], "texture": "#1"},
				"south": {"uv": [8.33333, 5.66667, 9.33333, 6], "texture": "#1"},
				"west": {"uv": [10.33333, 8, 11.33333, 9.33333], "texture": "#1"},
				"up": {"uv": [8.33333, 5.66667, 9.33333, 6], "texture": "#1"},
				"down": {"uv": [8.33333, 5.66667, 9.33333, 6], "texture": "#1"}
			}
		},
		{
			"from": [0, 5, 14],
			"to": [1, 6, 15],
			"faces": {
				"north": {"uv": [3, 6, 3, 6], "texture": "#1"},
				"east": {"uv": [3, 6, 3, 6], "texture": "#1"},
				"south": {"uv": [3, 6, 3, 6], "texture": "#1"},
				"west": {"uv": [3, 6, 3, 6], "texture": "#1"},
				"up": {"uv": [3, 6, 3, 6], "texture": "#1"},
				"down": {"uv": [3, 6, 3, 6], "texture": "#1"}
			}
		},
		{
			"from": [0, 7, 11],
			"to": [1, 8, 15],
			"faces": {
				"north": {"uv": [8.33333, 5.66667, 9.33333, 6], "texture": "#missing"},
				"east": {"uv": [8.33333, 5.66667, 9.33333, 6], "texture": "#1"},
				"south": {"uv": [8.33333, 5.66667, 9.33333, 6], "texture": "#missing"},
				"west": {"uv": [8.33333, 5.66667, 9.33333, 6], "texture": "#1"},
				"up": {"uv": [8.33333, 5.66667, 9.33333, 6], "texture": "#missing"},
				"down": {"uv": [8.33333, 5.66667, 9.33333, 6], "texture": "#1"}
			}
		},
		{
			"from": [0, 6, 13],
			"to": [1, 7, 14],
			"faces": {
				"north": {"uv": [3, 6, 3, 6], "texture": "#1"},
				"east": {"uv": [3, 6, 3, 6], "texture": "#1"},
				"south": {"uv": [3, 6, 3, 6], "texture": "#1"},
				"west": {"uv": [3, 6, 3, 6], "texture": "#1"},
				"up": {"uv": [3, 6, 3, 6], "texture": "#1"},
				"down": {"uv": [3, 6, 3, 6], "texture": "#1"}
			}
		},
		{
			"from": [0, 4, 8],
			"to": [1, 7, 12],
			"faces": {
				"north": {"uv": [3, 6, 3, 6], "texture": "#1"},
				"east": {"uv": [9.33333, 8.33333, 8, 9.33333], "texture": "#1"},
				"south": {"uv": [3, 6, 3, 6], "texture": "#1"},
				"west": {"uv": [9.33333, 8.33333, 8, 9], "texture": "#1"},
				"up": {"uv": [3, 6, 3, 6], "texture": "#1"},
				"down": {"uv": [3, 6, 3, 6], "texture": "#1"}
			}
		},
		{
			"from": [0, 2, 7],
			"to": [1, 4, 11],
			"faces": {
				"north": {"uv": [3, 6, 3, 6], "texture": "#1"},
				"east": {"uv": [7.66667, 9.33333, 9, 10], "texture": "#1"},
				"south": {"uv": [3, 6, 3, 6], "texture": "#1"},
				"west": {"uv": [9, 9.33333, 7.66667, 10], "texture": "#1"},
				"up": {"uv": [3, 6, 3, 6], "texture": "#1"},
				"down": {"uv": [3, 6, 3, 6], "texture": "#1"}
			}
		},
		{
			"from": [0, 0, 6],
			"to": [1, 2, 10],
			"faces": {
				"north": {"uv": [3, 6, 3, 6], "texture": "#1"},
				"east": {"uv": [7.33333, 10, 8.66667, 10.66667], "texture": "#1"},
				"south": {"uv": [3, 6, 3, 6], "texture": "#1"},
				"west": {"uv": [7.33333, 10, 8.66667, 10.66667], "texture": "#1"},
				"up": {"uv": [3, 6, 3, 6], "texture": "#1"},
				"down": {"uv": [3, 6, 3, 6], "texture": "#1"}
			}
		},
		{
			"from": [0, 7, 8],
			"to": [1, 8, 11],
			"faces": {
				"north": {"uv": [3, 6, 3, 6], "texture": "#1"},
				"east": {"uv": [9, 8, 8, 8.33333], "texture": "#1"},
				"south": {"uv": [3, 6, 3, 6], "texture": "#1"},
				"west": {"uv": [8, 8, 9, 8.33333], "texture": "#1"},
				"up": {"uv": [9.66667, 7.33333, 9.33333, 7.66667], "texture": "#1"},
				"down": {"uv": [3, 6, 3, 6], "texture": "#1"}
			}
		},
		{
			"from": [0, 9, -9],
			"to": [1, 12, -6],
			"faces": {
				"north": {"uv": [8.33333, 5.66667, 9.33333, 6], "texture": "#1"},
				"east": {"uv": [2.33333, 6.66667, 3.66667, 7.66667], "texture": "#1"},
				"south": {"uv": [8.33333, 5.66667, 9.33333, 6], "texture": "#missing"},
				"west": {"uv": [2.33333, 6.66667, 3.66667, 7.66667], "texture": "#1"},
				"up": {"uv": [8.33333, 5.66667, 9.33333, 6], "texture": "#1"},
				"down": {"uv": [8.33333, 5.66667, 9.33333, 6], "texture": "#1"}
			}
		},
		{
			"from": [0, 10, -10],
			"to": [1, 11, -9],
			"faces": {
				"north": {"uv": [3, 6, 3, 6], "texture": "#1"},
				"east": {"uv": [3, 6, 3, 6], "texture": "#1"},
				"south": {"uv": [3, 6, 3, 6], "texture": "#1"},
				"west": {"uv": [3, 6, 3, 6], "texture": "#1"},
				"up": {"uv": [3, 6, 3, 6], "texture": "#1"},
				"down": {"uv": [3, 6, 3, 6], "texture": "#1"}
			}
		},
		{
			"from": [0, 9, -16],
			"to": [1, 12, -10],
			"faces": {
				"north": {"uv": [3, 6, 3, 6], "texture": "#1"},
				"east": {"uv": [2, 6.66667, 0, 7.66667], "texture": "#1"},
				"south": {"uv": [3, 6, 3, 6], "texture": "#1"},
				"west": {"uv": [0, 6.66667, 2, 7.66667], "texture": "#1"},
				"up": {"uv": [3, 6, 3, 6], "texture": "#1"},
				"down": {"uv": [3, 6, 3, 6], "texture": "#1"}
			}
		},
		{
			"from": [0, 4, 18],
			"to": [1, 6, 19],
			"faces": {
				"north": {"uv": [3, 6, 3, 6], "texture": "#1"},
				"east": {"uv": [3, 6, 3, 6], "texture": "#1"},
				"south": {"uv": [3, 6, 3, 6], "texture": "#1"},
				"west": {"uv": [3, 6, 3, 6], "texture": "#1"},
				"up": {"uv": [3, 6, 3, 6], "texture": "#1"},
				"down": {"uv": [3, 6, 3, 6], "texture": "#1"}
			}
		},
		{
			"from": [0, 1, 19],
			"to": [1, 4, 20],
			"faces": {
				"north": {"uv": [3, 6, 3, 6], "texture": "#missing"},
				"east": {"uv": [3, 6, 3, 6], "texture": "#1"},
				"south": {"uv": [3, 6, 3, 6], "texture": "#1"},
				"west": {"uv": [3, 6, 3, 6], "texture": "#1"},
				"up": {"uv": [3, 6, 3, 6], "texture": "#1"},
				"down": {"uv": [3, 6, 3, 6], "texture": "#1"}
			}
		},
		{
			"from": [0, 1, 17],
			"to": [1, 2, 19],
			"faces": {
				"north": {"uv": [3, 6, 3, 6], "texture": "#1"},
				"east": {"uv": [3, 6, 3, 6], "texture": "#1"},
				"south": {"uv": [3, 6, 3, 6], "texture": "#missing"},
				"west": {"uv": [3, 6, 3, 6], "texture": "#1"},
				"up": {"uv": [3, 6, 3, 6], "texture": "#1"},
				"down": {"uv": [3, 6, 3, 6], "texture": "#1"}
			}
		},
		{
			"from": [0, 2, 16],
			"to": [1, 4, 19],
			"faces": {
				"north": {"uv": [3, 6, 3, 6], "texture": "#1"},
				"east": {"uv": [11.66667, 10, 10.66667, 9.33333], "texture": "#1"},
				"south": {"uv": [3, 6, 3, 6], "texture": "#missing"},
				"west": {"uv": [10.66667, 9.33333, 11.66667, 10], "texture": "#1"},
				"up": {"uv": [3, 6, 3, 6], "texture": "#missing"},
				"down": {"uv": [3, 6, 3, 6], "texture": "#1"}
			}
		}
	],
	"display": {
		"thirdperson_righthand": {
			"translation": [4.25, -0.5, -4],
			"scale": [0.5, 0.5, 0.5]
		},
		"thirdperson_lefthand": {
			"scale": [0.5, 0.5, 0.5]
		},
		"firstperson_righthand": {
			"rotation": [15.5, 0, 0],
			"translation": [15.75, 1.25, 0],
			"scale": [0.5, 0.5, 0.5]
		},
		"firstperson_lefthand": {
			"translation": [-24, 0, 0]
		},
		"ground": {
			"rotation": [0, 0, 90],
			"translation": [0.25, 0, -0.5],
			"scale": [0.5, 0.5, 0.5]
		},
		"gui": {
			"rotation": [90, -45, 90],
			"translation": [0.75, 0, 0],
			"scale": [0.4, 0.4, 0.4]
		},
		"head": {
			"translation": [0, 3, 0],
			"scale": [0, 0, 0]
		},
		"fixed": {
			"rotation": [90, -45, 90],
			"scale": [0.5, 0.5, 0.5]
		}
	}
}