{
	"credit": "Made with Blockbench",
	"textures": {
		"0": "items/skins/m4a4 skins/default",
		"particle": "items/skins/m4a4 skins/war mask 2"
	},
	"elements": [
		{
			"from": [0, 3, 30],
			"to": [1, 11, 32],
			"faces": {
				"north": {"uv": [2.66667, 6, 3, 6.33333], "texture": "#missing"},
				"east": {"uv": [16, 6.66667, 15.33333, 9.33333], "texture": "#missing"},
				"south": {"uv": [2.66667, 6, 3, 6.33333], "texture": "#missing"},
				"west": {"uv": [15.33333, 6.66667, 16, 9.33333], "texture": "#0"},
				"up": {"uv": [2.66667, 6, 3, 6.33333], "texture": "#missing"},
				"down": {"uv": [2.66667, 6, 3, 6.33333], "texture": "#missing"}
			}
		},
		{
			"from": [0, 4, 27],
			"to": [1, 11, 30],
			"faces": {
				"north": {"uv": [2.66667, 5.66667, 3, 6], "texture": "#missing"},
				"east": {"uv": [15.33333, 6.66667, 14.66667, 9], "texture": "#missing"},
				"south": {"uv": [0, 0, 1, 7], "texture": "#missing"},
				"west": {"uv": [14.66667, 6.66667, 15.33333, 9], "texture": "#0"},
				"up": {"uv": [2.66667, 5.66667, 3, 6], "texture": "#missing"},
				"down": {"uv": [2.66667, 5.66667, 3, 6], "texture": "#missing"}
			}
		},
		{
			"from": [0, 5, 24],
			"to": [1, 11, 27],
			"faces": {
				"north": {"uv": [2.66667, 5.66667, 3, 6], "texture": "#missing"},
				"east": {"uv": [14.33333, 6.66667, 13.33333, 8.66667], "texture": "#missing"},
				"south": {"uv": [0, 0, 1, 6], "texture": "#missing"},
				"west": {"uv": [13.33333, 6.66667, 14.33333, 8.66667], "texture": "#0"},
				"up": {"uv": [2.66667, 5.66667, 3, 6], "texture": "#missing"},
				"down": {"uv": [2.66667, 6, 3, 6], "texture": "#missing"}
			}
		},
		{
			"from": [0, 6, 21],
			"to": [1, 11, 24],
			"faces": {
				"north": {"uv": [2.66667, 5.66667, 3, 6], "rotation": 270, "texture": "#missing"},
				"east": {"uv": [13.33333, 6.66667, 12.33333, 8.33333], "texture": "#missing"},
				"south": {"uv": [0, 0, 1, 5], "texture": "#missing"},
				"west": {"uv": [12.33333, 6.66667, 13.33333, 8.33333], "texture": "#0"},
				"up": {"uv": [2.66667, 5.66667, 3, 6], "texture": "#missing"},
				"down": {"uv": [2.66667, 5.66667, 3, 6], "texture": "#missing"}
			}
		},
		{
			"from": [0, 7, 19],
			"to": [1, 11, 21],
			"faces": {
				"north": {"uv": [3, 6, 3, 6], "texture": "#missing"},
				"east": {"uv": [12.33333, 6.66667, 11.66667, 8], "texture": "#missing"},
				"south": {"uv": [3, 6, 3, 6], "texture": "#missing"},
				"west": {"uv": [11.66667, 6.66667, 12.33333, 8], "texture": "#0"},
				"up": {"uv": [3, 6, 3, 6], "texture": "#missing"},
				"down": {"uv": [3, 6, 3, 6], "texture": "#missing"}
			}
		},
		{
			"from": [0, 6, 18],
			"to": [1, 12, 19],
			"faces": {
				"north": {"uv": [0.33333, 6.66667, 2, 7], "texture": "#missing"},
				"east": {"uv": [0.33333, 6.66667, 2, 7], "texture": "#missing"},
				"south": {"uv": [0.33333, 6.66667, 2, 7], "texture": "#missing"},
				"west": {"uv": [0.33333, 6.66667, 2, 7], "texture": "#0"},
				"up": {"uv": [0.33333, 6.66667, 2, 7], "texture": "#missing"},
				"down": {"uv": [0.33333, 6.66667, 2, 7], "texture": "#missing"}
			}
		},
		{
			"from": [0, 11, 7],
			"to": [1, 12, 18],
			"faces": {
				"north": {"uv": [7.66667, 6.66667, 7.66667, 6.66667], "texture": "#missing"},
				"east": {"uv": [7.66667, 6.66667, 7.66667, 6.66667], "texture": "#missing"},
				"south": {"uv": [7.66667, 6.66667, 7.66667, 6.66667], "texture": "#missing"},
				"west": {"uv": [7.66667, 6.66667, 7.66667, 6.66667], "texture": "#0"},
				"up": {"uv": [7.66667, 6.66667, 7.66667, 6.66667], "texture": "#missing"},
				"down": {"uv": [7.66667, 6.66667, 7.66667, 6.66667], "texture": "#missing"}
			}
		},
		{
			"from": [0, 13, 9],
			"to": [1, 14, 17],
			"faces": {
				"north": {"uv": [8.33333, 5.66667, 9.33333, 6], "texture": "#missing"},
				"east": {"uv": [8.33333, 5.66667, 9.33333, 6], "texture": "#missing"},
				"south": {"uv": [8.33333, 5.66667, 9.33333, 6], "texture": "#missing"},
				"west": {"uv": [8.33333, 5.66667, 9.33333, 6], "texture": "#0"},
				"up": {"uv": [8.33333, 5.66667, 9.33333, 6], "texture": "#missing"},
				"down": {"uv": [8.33333, 5.66667, 9.33333, 6], "texture": "#missing"}
			}
		},
		{
			"from": [0, 12, 16],
			"to": [1, 13, 17],
			"faces": {
				"north": {"uv": [3, 6, 3, 6], "texture": "#missing"},
				"east": {"uv": [3, 6, 3, 6], "texture": "#missing"},
				"south": {"uv": [3, 6, 3, 6], "texture": "#missing"},
				"west": {"uv": [3, 6, 3, 6], "texture": "#0"},
				"up": {"uv": [3, 6, 3, 6], "texture": "#missing"},
				"down": {"uv": [3, 6, 3, 6], "texture": "#missing"}
			}
		},
		{
			"from": [0, 12, 9],
			"to": [1, 13, 10],
			"faces": {
				"north": {"uv": [3, 6, 3, 6], "texture": "#missing"},
				"east": {"uv": [3, 6, 3, 6], "texture": "#missing"},
				"south": {"uv": [3, 6, 3, 6], "texture": "#missing"},
				"west": {"uv": [3, 6, 3, 6], "texture": "#0"},
				"up": {"uv": [3, 6, 3, 6], "texture": "#missing"},
				"down": {"uv": [3, 6, 3, 6], "texture": "#missing"}
			}
		},
		{
			"from": [0, 12, 9],
			"to": [1, 13, 10],
			"faces": {
				"north": {"uv": [3, 6, 3, 6], "texture": "#missing"},
				"east": {"uv": [3, 6, 3, 6], "texture": "#missing"},
				"south": {"uv": [3, 6, 3, 6], "texture": "#missing"},
				"west": {"uv": [3, 6, 3, 6], "texture": "#0"},
				"up": {"uv": [3, 6, 3, 6], "texture": "#missing"},
				"down": {"uv": [3, 6, 3, 6], "texture": "#missing"}
			}
		},
		{
			"from": [0, 12, -6],
			"to": [1, 13, -5],
			"faces": {
				"north": {"uv": [3, 6, 3, 6], "texture": "#missing"},
				"east": {"uv": [3, 6, 3, 6], "texture": "#missing"},
				"south": {"uv": [3, 6, 3, 6], "texture": "#missing"},
				"west": {"uv": [3, 6, 3, 6], "texture": "#0"},
				"up": {"uv": [3, 6, 3, 6], "texture": "#missing"},
				"down": {"uv": [3, 6, 3, 6], "texture": "#missing"}
			}
		},
		{
			"from": [0, 13, -7],
			"to": [1, 14, -6],
			"faces": {
				"north": {"uv": [3, 6, 3, 6], "texture": "#missing"},
				"east": {"uv": [3, 6, 3, 6], "texture": "#missing"},
				"south": {"uv": [3, 6, 3, 6], "texture": "#missing"},
				"west": {"uv": [3, 6, 3, 6], "texture": "#0"},
				"up": {"uv": [3, 6, 3, 6], "texture": "#missing"},
				"down": {"uv": [3, 6, 3, 6], "texture": "#missing"}
			}
		},
		{
			"from": [0, 14, -9],
			"to": [1, 15, -7],
			"faces": {
				"north": {"uv": [3, 6, 3, 6], "texture": "#missing"},
				"east": {"uv": [3, 6, 3, 6], "texture": "#missing"},
				"south": {"uv": [3, 6, 3, 6], "texture": "#missing"},
				"west": {"uv": [3, 6, 3, 6], "texture": "#0"},
				"up": {"uv": [3, 6, 3, 6], "texture": "#missing"},
				"down": {"uv": [3, 6, 3, 6], "texture": "#missing"}
			}
		},
		{
			"from": [0, 11, -9],
			"to": [1, 14, -8],
			"faces": {
				"north": {"uv": [3, 6, 3, 6], "texture": "#missing"},
				"east": {"uv": [3, 6, 3, 6], "texture": "#missing"},
				"south": {"uv": [3, 6, 3, 6], "texture": "#missing"},
				"west": {"uv": [3, 6, 3, 6], "texture": "#0"},
				"up": {"uv": [3, 6, 3, 6], "texture": "#missing"},
				"down": {"uv": [3, 6, 3, 6], "texture": "#missing"}
			}
		},
		{
			"from": [0, 7, 7],
			"to": [1, 11, 18],
			"faces": {
				"north": {"uv": [0.33333, 6.66667, 2, 7], "texture": "#missing"},
				"east": {"uv": [11.33333, 6.66667, 7.66667, 8], "texture": "#missing"},
				"south": {"uv": [0.33333, 6.66667, 2, 7], "texture": "#missing"},
				"west": {"uv": [7.66667, 6.66667, 11.33333, 8], "texture": "#0"},
				"up": {"uv": [0.33333, 6.66667, 2, 7], "texture": "#missing"},
				"down": {"uv": [0.33333, 6.66667, 2, 7], "texture": "#missing"}
			}
		},
		{
			"from": [0, 8, -7],
			"to": [1, 12, 7],
			"faces": {
				"north": {"uv": [7.66667, 6.66667, 7.66667, 6.66667], "texture": "#missing"},
				"east": {"uv": [7.66667, 6.66667, 7.66667, 6.66667], "texture": "#missing"},
				"south": {"uv": [7.66667, 6.66667, 7.66667, 6.66667], "texture": "#missing"},
				"west": {"uv": [3.66667, 6.33333, 7.66667, 7.66667], "texture": "#0"},
				"up": {"uv": [7.66667, 6.66667, 7.66667, 6.66667], "texture": "#missing"},
				"down": {"uv": [7.66667, 6.66667, 7.66667, 6.66667], "texture": "#missing"}
			}
		},
		{
			"from": [0, 7, 0],
			"to": [1, 8, 7],
			"faces": {
				"north": {"uv": [8.33333, 5.66667, 9.33333, 6], "texture": "#missing"},
				"east": {"uv": [8.33333, 5.66667, 9.33333, 6], "texture": "#missing"},
				"south": {"uv": [8.33333, 5.66667, 9.33333, 6], "texture": "#missing"},
				"west": {"uv": [8.33333, 5.66667, 9.33333, 6], "texture": "#0"},
				"up": {"uv": [8.33333, 5.66667, 9.33333, 6], "texture": "#missing"},
				"down": {"uv": [8.33333, 5.66667, 9.33333, 6], "texture": "#missing"}
			}
		},
		{
			"from": [0, 3, 15],
			"to": [1, 7, 18],
			"faces": {
				"north": {"uv": [8.33333, 5.66667, 9.33333, 6], "texture": "#missing"},
				"east": {"uv": [8.33333, 5.66667, 9.33333, 6], "texture": "#missing"},
				"south": {"uv": [8.33333, 5.66667, 9.33333, 6], "texture": "#missing"},
				"west": {"uv": [10.33333, 8, 11.33333, 9.33333], "texture": "#0"},
				"up": {"uv": [8.33333, 5.66667, 9.33333, 6], "texture": "#missing"},
				"down": {"uv": [8.33333, 5.66667, 9.33333, 6], "texture": "#missing"}
			}
		},
		{
			"from": [0, 4, 14],
			"to": [1, 5, 15],
			"faces": {
				"north": {"uv": [3, 6, 3, 6], "texture": "#missing"},
				"east": {"uv": [3, 6, 3, 6], "texture": "#missing"},
				"south": {"uv": [3, 6, 3, 6], "texture": "#missing"},
				"west": {"uv": [3, 6, 3, 6], "texture": "#0"},
				"up": {"uv": [3, 6, 3, 6], "texture": "#missing"},
				"down": {"uv": [3, 6, 3, 6], "texture": "#missing"}
			}
		},
		{
			"from": [0, 6, 11],
			"to": [1, 7, 15],
			"faces": {
				"north": {"uv": [8.33333, 5.66667, 9.33333, 6], "texture": "#missing"},
				"east": {"uv": [8.33333, 5.66667, 9.33333, 6], "texture": "#missing"},
				"south": {"uv": [8.33333, 5.66667, 9.33333, 6], "texture": "#missing"},
				"west": {"uv": [8.33333, 5.66667, 9.33333, 6], "texture": "#0"},
				"up": {"uv": [8.33333, 5.66667, 9.33333, 6], "texture": "#missing"},
				"down": {"uv": [8.33333, 5.66667, 9.33333, 6], "texture": "#missing"}
			}
		},
		{
			"from": [0, 5, 13],
			"to": [1, 6, 14],
			"faces": {
				"north": {"uv": [3, 6, 3, 6], "texture": "#missing"},
				"east": {"uv": [3, 6, 3, 6], "texture": "#missing"},
				"south": {"uv": [3, 6, 3, 6], "texture": "#missing"},
				"west": {"uv": [3, 6, 3, 6], "texture": "#0"},
				"up": {"uv": [3, 6, 3, 6], "texture": "#missing"},
				"down": {"uv": [3, 6, 3, 6], "texture": "#missing"}
			}
		},
		{
			"from": [0, 3, 8],
			"to": [1, 6, 12],
			"faces": {
				"north": {"uv": [3, 6, 3, 6], "texture": "#missing"},
				"east": {"uv": [9.33333, 8.33333, 8, 9.33333], "texture": "#missing"},
				"south": {"uv": [3, 6, 3, 6], "texture": "#missing"},
				"west": {"uv": [8, 8.33333, 9.33333, 9.33333], "texture": "#0"},
				"up": {"uv": [3, 6, 3, 6], "texture": "#missing"},
				"down": {"uv": [3, 6, 3, 6], "texture": "#missing"}
			}
		},
		{
			"from": [0, 1, 8],
			"to": [1, 3, 12],
			"faces": {
				"north": {"uv": [3, 6, 3, 6], "texture": "#missing"},
				"east": {"uv": [7.66667, 9.33333, 9, 10], "texture": "#missing"},
				"south": {"uv": [3, 6, 3, 6], "texture": "#missing"},
				"west": {"uv": [9, 9.33333, 7.66667, 10], "texture": "#0"},
				"up": {"uv": [3, 6, 3, 6], "texture": "#missing"},
				"down": {"uv": [3, 6, 3, 6], "texture": "#missing"}
			}
		},
		{
			"from": [0, -1, 8],
			"to": [1, 1, 12],
			"faces": {
				"north": {"uv": [3, 6, 3, 6], "texture": "#missing"},
				"east": {"uv": [7.33333, 10, 8.66667, 10.66667], "texture": "#missing"},
				"south": {"uv": [3, 6, 3, 6], "texture": "#missing"},
				"west": {"uv": [8.66667, 10, 7.33333, 10.66667], "texture": "#0"},
				"up": {"uv": [3, 6, 3, 6], "texture": "#missing"},
				"down": {"uv": [3, 6, 3, 6], "texture": "#missing"}
			}
		},
		{
			"from": [0, 6, 8],
			"to": [1, 7, 11],
			"faces": {
				"north": {"uv": [3, 6, 3, 6], "texture": "#missing"},
				"east": {"uv": [3, 6, 3, 6], "texture": "#missing"},
				"south": {"uv": [3, 6, 3, 6], "texture": "#missing"},
				"west": {"uv": [8, 8, 9, 8.33333], "texture": "#0"},
				"up": {"uv": [3, 6, 3, 6], "texture": "#missing"},
				"down": {"uv": [3, 6, 3, 6], "texture": "#missing"}
			}
		},
		{
			"from": [0, 8, -9],
			"to": [1, 11, -7],
			"faces": {
				"north": {"uv": [8.33333, 5.66667, 9.33333, 6], "texture": "#missing"},
				"east": {"uv": [8.33333, 5.66667, 9.33333, 6], "texture": "#missing"},
				"south": {"uv": [8.33333, 5.66667, 9.33333, 6], "texture": "#missing"},
				"west": {"uv": [2.33333, 6.66667, 3.66667, 7.66667], "texture": "#0"},
				"up": {"uv": [8.33333, 5.66667, 9.33333, 6], "texture": "#missing"},
				"down": {"uv": [8.33333, 5.66667, 9.33333, 6], "texture": "#missing"}
			}
		},
		{
			"from": [0, 9, -10],
			"to": [1, 10, -9],
			"faces": {
				"north": {"uv": [3, 6, 3, 6], "texture": "#missing"},
				"east": {"uv": [3, 6, 3, 6], "texture": "#missing"},
				"south": {"uv": [3, 6, 3, 6], "texture": "#missing"},
				"west": {"uv": [3, 6, 3, 6], "texture": "#0"},
				"up": {"uv": [3, 6, 3, 6], "texture": "#missing"},
				"down": {"uv": [3, 6, 3, 6], "texture": "#missing"}
			}
		},
		{
			"from": [0, 8, -16],
			"to": [1, 11, -10],
			"faces": {
				"north": {"uv": [3, 6, 3, 6], "texture": "#missing"},
				"east": {"uv": [3, 6, 3, 6], "texture": "#missing"},
				"south": {"uv": [3, 6, 3, 6], "texture": "#missing"},
				"west": {"uv": [0, 6.66667, 2, 7.66667], "texture": "#0"},
				"up": {"uv": [3, 6, 3, 6], "texture": "#missing"},
				"down": {"uv": [3, 6, 3, 6], "texture": "#missing"}
			}
		},
		{
			"from": [0, 3, 18],
			"to": [1, 5, 19],
			"faces": {
				"north": {"uv": [3, 6, 3, 6], "texture": "#missing"},
				"east": {"uv": [3, 6, 3, 6], "texture": "#missing"},
				"south": {"uv": [3, 6, 3, 6], "texture": "#missing"},
				"west": {"uv": [3, 6, 3, 6], "texture": "#0"},
				"up": {"uv": [3, 6, 3, 6], "texture": "#missing"},
				"down": {"uv": [3, 6, 3, 6], "texture": "#missing"}
			}
		},
		{
			"from": [0, 0, 19],
			"to": [1, 3, 20],
			"faces": {
				"north": {"uv": [3, 6, 3, 6], "texture": "#missing"},
				"east": {"uv": [3, 6, 3, 6], "texture": "#missing"},
				"south": {"uv": [3, 6, 3, 6], "texture": "#missing"},
				"west": {"uv": [3, 6, 3, 6], "texture": "#0"},
				"up": {"uv": [3, 6, 3, 6], "texture": "#missing"},
				"down": {"uv": [3, 6, 3, 6], "texture": "#missing"}
			}
		},
		{
			"from": [0, 0, 17],
			"to": [1, 1, 19],
			"faces": {
				"north": {"uv": [3, 6, 3, 6], "texture": "#missing"},
				"east": {"uv": [3, 6, 3, 6], "texture": "#missing"},
				"south": {"uv": [3, 6, 3, 6], "texture": "#missing"},
				"west": {"uv": [3, 6, 3, 6], "texture": "#0"},
				"up": {"uv": [3, 6, 3, 6], "texture": "#missing"},
				"down": {"uv": [3, 6, 3, 6], "texture": "#missing"}
			}
		},
		{
			"from": [0, 1, 16],
			"to": [1, 3, 19],
			"faces": {
				"north": {"uv": [3, 6, 3, 6], "texture": "#missing"},
				"east": {"uv": [3, 6, 3, 6], "texture": "#missing"},
				"south": {"uv": [3, 6, 3, 6], "texture": "#missing"},
				"west": {"uv": [10.66667, 9.33333, 11.66667, 10], "texture": "#0"},
				"up": {"uv": [3, 6, 3, 6], "texture": "#missing"},
				"down": {"uv": [3, 6, 3, 6], "texture": "#missing"}
			}
		}
	],
	"display": {
		"thirdperson_righthand": {
			"rotation": [75, 0, 0],
			"translation": [34.5, 35, 13.5],
			"scale": [4, 4, 4]
		}
	}
}